"Date","Open","High","Low","Close","Volume"
"2010-08-02",10468.82,10755.66,10222.85,10319.95,4504694400
"2010-07-01",9773.27,10632.52,9596.04,10465.94,4704026600
"2010-06-01",10133.94,10627.19,9726.33,9774.02,5235174000
"2010-05-03",11009.6,11203.37,9756.11,10136.63,6626699400
"2010-04-01",10857.31,11308.95,10810.15,11008.61,5847150900
"2010-03-01",10326.1,10985.26,10320.05,10856.63,4702951700
"2010-02-01",10068.99,10468.55,9822.84,10325.26,4658238400
"2010-01-04",10430.69,10767.15,10014.35,10067.33,5071601500
"2009-12-01",10343.82,10605.65,10207.29,10428.05,4163287200
"2009-11-02",9712.13,10524.4,9647.06,10344.84,4443852500
"2009-10-01",9711.6,10157.94,9378.77,9712.73,5451064000
"2009-09-01",9492.32,9937.72,9223.08,9712.28,5633064200
"2009-08-03",9173.65,9666.71,9078.28,9496.28,5801439500
"2009-07-01",8447.53,9298.13,8057.57,9171.61,5080675400
"2009-06-01",8501.53,8911.11,8236.07,8447,5330941800
"2009-05-01",8167.41,8657.96,8047.54,8500.33,6883268000
"2009-04-01",7606.13,8383.81,7450.74,8168.12,6938945600
"2009-03-02",7056.48,7969,6440.08,7608.92,7633306300
"2009-02-02",8000.62,8376.56,6952.06,7062.93,7022036200
"2009-01-02",8772.25,9175.19,7856.86,8000.86,5872061000
"2008-12-01",8826.89,9151.61,8072.47,8776.39,5320791300
"2008-11-03",9326.04,9711.46,7392.27,8829.04,6231635200
"2008-10-01",10847.4,11022.06,7773.71,9325.01,7290610800
"2008-09-02",11545.63,11831.29,10266.76,10850.66,7009506600
"2008-08-01",11379.89,11933.55,11144.59,11543.55,4264482300
"2008-07-01",11344.64,11820.21,10731.96,11378.02,5923937200
"2008-06-02",12637.67,12652.81,11226.34,11350.01,4840303300
"2008-05-01",12818.34,13191.49,12397.56,12638.32,4039814700
"2008-04-01",12266.64,13052.91,12208.42,12820.13,4113069000
"2008-03-03",12264.36,12687.61,11650.44,12262.89,4868908000
"2008-02-01",12638.17,12841.88,12006.79,12266.39,4148143000
"2008-01-02",13261.82,13338.23,11508.74,12650.36,4925982300
"2007-12-03",13368.22,13850.92,13059.32,13264.82,3299866500
"2007-11-01",13924.16,13924.16,12707.26,13371.72,4317578500
"2007-10-01",13895.71,14279.96,13337.9,13930.01,3477202100
"2007-09-04",13358.39,13994.64,12992.02,13895.63,3196581500
"2007-08-01",13211.09,13769.63,12455.92,13357.74,4091885600
"2007-07-02",13409.6,14121.04,13143.87,13211.99,3564854700
"2007-06-01",13628.69,13756.69,13205.08,13408.62,3261343300
"2007-05-01",13062.75,13718.82,12993.02,13627.64,3104253600
"2007-04-02",12354.52,13226.99,12284.54,13062.91,3006294500
"2007-03-01",12265.59,12550.07,11926.79,12354.35,3205736800
"2007-02-01",12617.2,12845.76,12078.85,12268.63,2935275700
"2007-01-03",12459.54,12685.54,12313.01,12621.69,2983144500
"2006-12-01",12220.97,12566.17,12070.52,12463.15,2462849000
"2006-11-01",12080.25,12409.31,11928.97,12221.93,2826198000
"2006-10-02",11678.99,12236.1,11608.23,12080.73,2708938600
"2006-09-01",11427.41,11782.49,11273.89,11679.07,2563743500
"2006-08-01",11184.8,11452.95,10998.06,11381.15,2280876500
"2006-07-03",11149.34,11301.58,10658.35,11185.68,2440476000
"2006-06-01",11169.03,11329.28,10653.23,11150.22,2632855400
"2006-05-01",11367.78,11709.09,10980.29,11168.31,2591135900
"2006-04-03",11113,11468.16,11017.43,11367.14,2406755200
"2006-03-01",10993.25,11364.34,10885.35,11109.32,2310510800
"2006-02-01",10862.14,11182.68,10691.97,10993.41,2380568400
"2006-01-03",10718.3,11099.15,10607.36,10864.86,2595998000
"2005-12-01",10806.03,10985.01,10675.64,10717.5,2057125200
"2005-11-01",10437.51,10997.5,10347.7,10805.87,2260836100
"2005-10-03",10569.5,10637,10098.18,10440.07,2493393300
"2005-09-01",10481.44,10743.77,10303.51,10568.7,2232144200
"2005-08-01",10641.78,10746.87,10321.42,10481.6,1930243400
"2005-07-01",10273.59,10754.6,10142.24,10640.91,1962713500
"2005-06-01",10462.86,10710.38,10229.4,10274.97,1929251300
"2005-05-02",10192,10589.92,10062.76,10467.48,1960127100
"2005-04-01",10504.57,10600.56,9961.52,10192.51,2180315700
"2005-03-01",10794.98,11027.15,10351.76,10503.76,1874017200
"2005-02-01",10489.72,10889.78,10464.38,10766.23,1636467800
"2005-01-03",10783.75,10892.67,10317.1,10489.94,1658645000
"2004-12-01",10425.8,10895.1,10389.81,10783.01,1449527200
"2004-11-01",10028.73,10655.09,9953.29,10428.02,1524465700
"2004-10-01",10082.04,10313.81,9660.18,10027.47,1571990400
"2004-09-01",10170.12,10390.64,9950.71,10080.27,1360850900
"2004-08-02",10138.45,10235.49,9746.6,10173.92,1260227200
"2004-07-01",10434,10473.23,9874.38,10139.71,1456371400
"2004-06-01",10187.18,10530.01,10104.07,10435.48,1381109500
"2004-05-03",10227.27,10403.14,9822.1,10188.45,1524950000
"2004-04-01",10357.52,10596.37,10198.39,10225.57,1583171400
"2004-03-01",10582.25,10720.14,9975.86,10357.7,1528634700
"2004-02-02",10487.78,10794.95,10394.81,10583.92,1554000000
"2004-01-02",10452.74,10748.81,10341.19,10488.07,1722750000
"2003-12-01",9785.35,10494.44,9777.64,10453.92,1312119500
"2003-11-03",9802.46,9945.71,9556.68,9782.46,1313181000
"2003-10-01",9275.06,9901.64,9275.06,9801.12,1469452100
"2003-09-02",9416.67,9719.49,9199.43,9275.06,1501457600
"2003-08-01",9232.68,9535.97,8964.13,9415.82,1229836600
"2003-07-01",8983.66,9398.02,8843.61,9233.8,1507327200
"2003-06-02",8851.45,9406.5,8823.51,8985.44,1562219000
"2003-05-01",8478.48,8897.04,8328.55,8850.26,1554328500
"2003-04-01",7992.83,8587.72,7947.38,8480.09,1498577100
"2003-03-03",7890.24,8552.08,7397.31,7992.13,1503596600
"2003-02-03",8053.74,8189.35,7602.81,7891.08,1400452600
"2003-01-02",8342.38,8896.09,7884.66,8053.81,1539433800
"2002-12-02",8902.95,9076.35,8214.93,8341.63,1289625700
"2002-11-01",8395.64,8995.78,8237.65,8896.09,1488161000
"2002-10-01",7593.04,8607.04,7181.47,8397.03,1717287300
"2002-09-03",8659.27,8767.82,7422.28,7591.93,1473959000
"2002-08-01",8732.58,9129.1,7991.43,8663.5,1374013600
"2002-07-01",9239.25,9433.08,7489.53,8736.59,2012640000
"2002-06-03",9923.94,10016.04,8831.92,9243.26,1521039500
"2002-05-01",9944.9,10400.62,9749.73,9925.25,1279613600
"2002-04-01",10402.07,10437.43,9767.15,9946.22,1372613600
"2002-03-01",10111.04,10728.87,10086.51,10403.94,1385540000
"2002-02-01",9923.04,10315.72,9503.52,10106.13,1444200000
"2002-01-02",10021.71,10345.4,9443.32,9920,1490628500
"2001-12-03",9848.93,10220.78,9651.87,10021.57,1303608500
"2001-11-01",9087.45,10054.58,8987.61,9851.56,1317790400
"2001-10-01",8845.97,9626.54,8659.9,9075.14,1361033900
"2001-09-04",9946.98,10238.5,7926.93,8847.56,1789906000
"2001-08-01",10527.38,10663.07,9829.35,9949.75,1055621700
"2001-07-02",10504.95,10758.14,10049.38,10522.81,1186805200
"2001-06-01",10913.57,11236.68,10313.4,10502.4,1265732800
"2001-05-01",10734.05,11436.42,10638.48,10911.94,1170568100
"2001-04-02",9877.16,10973.15,9303.48,10734.97,1327224500
"2001-03-01",10493.25,10940.45,9047.56,9878.78,1322155000
"2001-02-01",10884.82,11140.09,10225.14,10495.28,1203668400
"2001-01-02",10790.92,11224.41,10325.71,10887.36,1215162300
"2000-12-01",10416.76,11044.7,10158.16,10787.99,1162065500
"2000-11-01",10966.21,11152.02,10204.8,10414.49,1034230000
"2000-10-02",10659.06,11108.79,9571.4,10971.14,1241718100
"2000-09-01",11219.54,11518.83,10439.31,10650.92,1101770000
"2000-08-01",10523.81,11415.99,10428.58,11215.1,930960800
"2000-07-03",10450.36,10980.34,10303.28,10521.98,1002085000
"2000-06-01",10532.27,11013.05,10161.51,10447.89,1054454500
"2000-05-01",10749.42,11086.72,10163.2,10522.33,948127200
"2000-04-03",10863.28,11600.43,10128.62,10733.91,1110055700
"2000-03-01",10128.11,11311.28,9611.75,10921.92,1190591300
"2000-02-01",10937.74,11228.44,9760.36,10128.31,1105815000
"2000-01-03",11501.85,11908.5,10610.43,10940.53,1124410000
"1999-12-01",10876.47,11658.68,10798.07,11497.12,909760900
"1999-11-01",10730.78,11195.34,10449.42,10877.81,920777100
"1999-10-01",10335.69,10883.1,9884.2,10729.86,950119000
"1999-09-01",10828.44,11218.39,10055.17,10336.95,831252300
"1999-08-02",10654.83,11428.94,10487.34,10829.28,758193100
"1999-07-01",10972.39,11321.61,10594.99,10655.15,765225200
"1999-06-01",10549.08,11120.24,10334.42,10970.8,781644000
"1999-05-03",10788.75,11244.36,10372.96,10559.74,826511000
"1999-04-01",9825.29,11072.25,9707.91,10789.04,926652300
"1999-03-01",9315.27,10158.57,9163.41,9786.16,822904300
"1999-02-01",9405.43,9662.77,9025.41,9306.58,807392600
"1999-01-04",9212.84,9759.44,8994.26,9358.83,901605200
"1998-12-01",9039.57,9390.75,8610.63,9181.43,722756800
"1998-11-02",8645.65,9457.95,8573.56,9116.55,706959000
"1998-10-01",7749.42,8718.25,7399.78,8592.1,853938600
"1998-09-01",7583.09,8253.79,7379.7,7842.62,834008500
"1998-08-03",8868.1,8948.17,7517.7,7539.07,761383300
"1998-07-01",9011.56,9412.64,8786.48,8883.29,674577700
"1998-06-01",8907.93,9155.04,8524.55,8952.02,650416800
"1998-05-01",9106.47,9311.98,8760.95,8899.95,601696000
"1998-04-01",8818.5,9287.32,8715.61,9063.37,683412300
"1998-03-02",8528.78,8997.11,8377.32,8799.81,654296300
"1998-02-02",7987.46,8616.72,7987.46,8545.72,643738400
"1998-01-02",7908.25,8072.91,7391.59,7906.5,667360500
"1997-12-01",7823.62,8209.56,7563.23,7908.25,564825400
"1997-11-03",7443.07,7934.53,7334.77,7823.13,545404700
"1997-10-01",7945.26,8218.34,6936.45,7442.08,637188200
"1997-09-02",7650.99,8078.36,7556.23,7945.26,570023800
"1997-08-01",8222.61,8340.14,7580.85,7622.42,524762300
"1997-07-01",7672.79,8328.99,7613.53,8222.61,568452200
"1997-06-02",7331.04,7868.44,7214.29,7672.79,543785200
"1997-05-01",7008.99,7430.2,6891.39,7331.04,506850400
"1997-04-01",6583.48,7081.23,6315.84,7008.99,501112200
"1997-03-03",6877.74,7158.28,6532.49,6583.48,529324500
"1997-02-03",6813.09,7112.87,6683.4,6877.74,538249400
"1997-01-02",6448.27,6953.55,6318.96,6813.09,555111800
"1996-12-02",6521.7,6623.96,6206.83,6448.27,451853800
"1996-11-01",6029.38,6606.3,5975.34,6521.7,452968000
"1996-10-01",5882.17,6162.8,5833.72,6029.38,443384300
"1996-09-03",5616.21,5952.08,5550.37,5882.17,423201000
"1996-08-01",5528.91,5761.95,5507.83,5616.21,347214000
"1996-07-01",5654.63,5769.88,5170.11,5528.91,391764000
"1996-06-03",5643.18,5770.61,5559.69,5654.63,419958000
"1996-05-01",5569.08,5833.04,5327.74,5643.18,421495000
"1996-04-01",5587.14,5737.07,5382.66,5569.08,441431400
"1996-03-01",5485.62,5755.86,5395.3,5587.14,447510000
"1996-02-01",5395.3,5693.36,5319.43,5485.62,460809500
"1996-01-02",5117.12,5433.24,5000.07,5395.3,439102700
"1995-12-01",5074.49,5266.69,5016.68,5117.12,377297500
"1995-11-01",4755.48,5143.13,4719.72,5074.49,381427100
"1995-10-02",4789.08,4845.08,4638.43,4755.48,382475000
"1995-09-01",4610.56,4839.48,4594.71,4789.08,369478000
"1995-08-01",4708.47,4772.56,4552.8,4610.56,323356000
"1995-07-03",4556.1,4767.99,4530.26,4708.47,379761000
"1995-06-01",4465.14,4614.2,4394.59,4556.1,357505400
"1995-05-01",4321.27,4480.7,4278.73,4465.14,359606800
"1995-04-03",4157.69,4348.94,4129.68,4321.27,348205200
"1995-03-01",4011.05,4213.71,3935.31,4157.69,353969500
"1995-02-01",3843.86,4034.62,3809.21,4011.05,350035700
"1995-01-03",3834.44,3955.56,3794.4,3843.86,345693300
"1994-12-01",3739.23,3882.21,3638.97,3834.44,314557100
"1994-11-01",3908.12,3919.9,3612.05,3739.23,312217600
"1994-10-03",3843.19,3958.25,3736.2,3908.12,316010400
"1994-09-01",3913.42,3972.72,3804.5,3843.19,307093300
"1994-08-01",3764.5,3954.54,3722.41,3913.42,293590400
"1994-07-01",3624.96,3782.63,3611.04,3764.5,262081000
"1994-06-01",3758.37,3839.88,3603.92,3624.96,279192700
"1994-05-02",3681.69,3788.76,3609.71,3758.37,280677100
"1994-04-04",3633.08,3733.15,3520.8,3681.69,317263100
"1994-03-01",3832.02,3911.78,3544.12,3635.96,332746000
"1994-02-01",3978.36,3998.06,3811.76,3832.02,322085700
"1994-01-03",3754.09,4002.84,3715.24,3978.36,331091900
"1993-12-01",3683.95,3818.92,3673.33,3754.09,270919000
"1993-11-01",3680.59,3749.9,3585.86,3683.95,294165700
"1993-10-01",3555.12,3713.57,3541.71,3680.59,295792300
"1993-09-01",3651.25,3665.5,3501.47,3555.12,276908000
"1993-08-02",3539.47,3681.71,3523.54,3651.25,260793600
"1993-07-01",3516.08,3604.86,3443.28,3539.47,264088500
"1993-06-01",3527.43,3577.25,3445.77,3516.08,264065000
"1993-05-03",3427.55,3582.23,3402.42,3527.43,265250500
"1993-04-01",3435.11,3499.41,3338.39,3427.55,287085200
"1993-03-01",3370.81,3497.25,3334.07,3435.11,258309500
"1993-02-01",3310.03,3472.94,3262.48,3370.81,294275700
"1993-01-04",3301.11,3338.12,3219.25,3310.03,274988000
"1992-12-01",3305.16,3364.87,3229.79,3301.11,227053600
"1992-11-02",3226.28,3326.51,3176.84,3305.16,218204500
"1992-10-01",3271.66,3291.39,3087.41,3226.28,212150000
"1992-09-01",3257.35,3391.35,3226.55,3271.66,199083300
"1992-08-03",3393.78,3413.23,3200.86,3257.35,181093300
"1992-07-01",3318.52,3414.85,3255.43,3393.78,201045400
"1992-06-01",3396.88,3435.27,3242.32,3318.52,200209500
"1992-05-01",3359.12,3433.98,3316.64,3396.88,191438000
"1992-04-01",3235.47,3387.97,3141.77,3359.12,215502300
"1992-03-02",3267.67,3318.42,3176.21,3235.47,192259500
"1992-02-03",3223.39,3307.47,3193.42,3267.67,234001000
"1992-01-02",3168.83,3313.51,3119.86,3223.39,247368600
"1991-12-02",2894.68,3204.61,2832.29,3168.83,209394700
"1991-11-01",3069.1,3091.91,2861.14,2894.68,189830500
"1991-10-01",3016.77,3091.01,2925.54,3069.1,184610400
"1991-09-03",3043.6,3066.64,2963.1,3016.77,169418500
"1991-08-01",3024.82,3068.65,2836.31,3043.6,176133600
"1991-07-01",2911.67,3039.58,2897.36,3024.82,165125000
"1991-06-03",3027.5,3057.47,2879.25,2906.75,170287500
"1991-05-01",2887.87,3044.5,2834.53,3027.5,180868100
"1991-04-01",2913.86,3030.45,2848.51,2887.87,191855400
"1991-03-01",2882.18,3017.82,2829.21,2913.86,203880500
"1991-02-01",2736.39,2955.2,2694.31,2882.18,237928900
"1991-01-02",2633.66,2747.28,2447.03,2736.39,175606300
"1990-12-03",2559.65,2662.62,2534.65,2633.66,161542000
"1990-11-01",2442.33,2581.19,2415.59,2559.65,159075700
"1990-10-01",2452.48,2565.35,2344.31,2442.33,166376500
"1990-09-04",2614.36,2665.35,2367.82,2452.48,151916300
"1990-08-01",2905.2,2931.19,2459.41,2614.36,178727800
"1990-07-02",2880.69,3024.26,2833.17,2905.2,168768000
"1990-06-01",2876.66,2956.93,2821.53,2880.69,160561400
"1990-05-01",2656.76,2908.21,2651.35,2876.66,171016800
"1990-04-02",2707.21,2793.47,2627.7,2656.76,146199000
"1990-03-01",2627.25,2775,2607.88,2707.21,155573600
"1990-02-01",2590.54,2674.32,2540.99,2627.25,165600500
"1990-01-02",2753.2,2834.04,2513.06,2590.54,181041300
"1989-12-01",2706.27,2784.77,2658.7,2753.2,167968000
"1989-11-01",2645.08,2718.22,2563.11,2706.27,151683800
"1989-10-02",2692.82,2809.08,2496.93,2645.08,190398600
"1989-09-01",2737.27,2768.24,2636.78,2692.82,159516500
"1989-08-01",2660.66,2758.73,2619.71,2737.27,177996500
"1989-07-03",2440.06,2668.25,2431.53,2660.66,170784000
"1989-06-01",2480.15,2544.95,2412.94,2440.06,188049000
"1989-05-01",2418.8,2521.63,2356.3,2480.15,177720400
"1989-04-03",2293.62,2433.1,2282.07,2418.8,169782000
"1989-03-01",2258.39,2351.07,2234.46,2293.62,167067700
"1989-02-01",2342.32,2369.29,2232.14,2258.39,177037300
"1989-01-03",2168.39,2350.18,2127.14,2342.32,177441400
"1988-12-01",2114.51,2193.75,2075.39,2168.57,141529000
"1988-11-01",2148.65,2185.99,2026.67,2114.51,141934700
"1988-10-03",2112.91,2195.06,2082.33,2148.65,169458000
"1988-09-01",2027.56,2140.29,1988.44,2112.91,154057100
"1988-08-01",2128.73,2151.85,1978.66,2031.65,150345600
"1988-07-01",2141.71,2169.45,2047.3,2128.73,176540500
"1988-06-01",2031.12,2169.1,2021.34,2141.71,206096300
"1988-05-02",2032.33,2071.95,1921.58,2031.12,165665700
"1988-04-04",1988.06,2121.35,1968,2032.33,169819000
"1988-03-01",2071.62,2110.91,1951.26,1988.06,182296900
"1988-02-01",1958.22,2078.08,1878.15,2071.62,196464500
"1988-01-04",1950.76,2075.27,1845.99,1958.22,185329000
"1987-12-01",1833.55,2019.56,1733.92,1938.83,186222200
"1987-11-02",1993.53,2027.52,1795.26,1833.55,192921500
"1987-10-01",2596.28,2662.37,1616.21,1993.53,290813600
"1987-09-01",2662.95,2695.47,2468.99,2596.28,186014200
"1987-08-03",2572.07,2746.65,2525.99,2662.95,201342800
"1987-07-01",2418.53,2588.33,2391.26,2572.07,188559000
"1987-06-01",2291.57,2466.04,2260.62,2418.53,170931800
"1987-05-01",2286.36,2380.77,2188.53,2291.57,178560000
"1987-04-01",2304.69,2428.41,2180.54,2286.36,195942800
"1987-03-02",2223.99,2399.57,2209.08,2304.69,188040900
"1987-02-02",2158.04,2266.45,2134.42,2223.99,190952600
"1987-01-02",1897.36,2214.57,1897.36,2158.04,200203800
"1986-12-01",1914.23,1971.74,1880.48,1895.95,154548600
"1986-11-03",1877.71,1926.46,1797.1,1914.23,159703100
"1986-10-01",1767.58,1894.69,1761.25,1877.71,137562600
"1986-09-02",1898.34,1933.35,1732.99,1767.58,156723800
"1986-08-01",1775.31,1918.59,1730.6,1898.34,134628500
"1986-07-01",1892.72,1922.67,1741.56,1775.31,142845400
"1986-06-02",1876.71,1908.62,1816.07,1892.72,132604700
"1986-05-01",1783.98,1898.22,1746.53,1876.71,134830400
"1986-04-01",1818.61,1870.16,1712.52,1783.98,153995400
"1986-03-03",1709.06,1849.74,1663.07,1818.61,167450000
"1986-02-03",1570.99,1732.57,1564.33,1709.06,162673600
"1986-01-02",1546.67,1582.91,1491.74,1570.99,137386800
"1985-12-02",1472.13,1570.87,1450.34,1546.67,138908500
"1985-11-01",1374.31,1486.93,1367.78,1472.13,126471500
"1985-10-01",1328.63,1384.63,1315.19,1374.31,115858200
"1985-09-03",1334.01,1348.23,1283.71,1328.63,103355700
"1985-08-01",1347.45,1361.9,1303.65,1334.01,91128100
"1985-07-01",1335.46,1372.2,1313.4,1347.45,117603100
"1985-06-03",1315.41,1341.17,1285.39,1335.46,111110000
"1985-05-01",1258.06,1320.79,1235.53,1315.41,112929000
"1985-04-01",1266.78,1290.3,1245.8,1258.06,99699000
"1985-03-01",1284.01,1309.96,1242.82,1266.78,107356600
"1985-02-01",1286.11,1307.53,1263.91,1284.01,120806300
"1985-01-02",1211.57,1305.1,1178.67,1286.77,127555000
"1984-12-03",1188.94,1223.61,1154.7,1211.57,93063000
"1984-11-01",1207.38,1247.46,1180.76,1188.94,87374200
"1984-10-01",1206.71,1246.02,1158.24,1207.38,95744300
"1984-09-04",1222.39,1248.23,1189.82,1206.71,97242600
"1984-08-01",1115.28,1253.75,1114.95,1224.38,112364300
"1984-07-02",1132.4,1139.47,1078.95,1115.28,83290900
"1984-06-01",1106.25,1144.83,1079.39,1132.4,90649500
"1984-05-01",1170.75,1194.41,1083.19,1104.85,91883600
"1984-04-02",1164.89,1182.06,1117.25,1170.75,89513500
"1984-03-01",1154.63,1197.24,1131.7,1164.89,87568600
"1984-02-01",1220.58,1226.55,1114.95,1154.63,101281000
"1984-01-03",1258.64,1295.44,1209.59,1220.58,110912800
"1983-12-01",1276.02,1285.47,1231.2,1258.64,91461900
"1983-11-01",1225.2,1296.95,1208.74,1276.02,92130400
"1983-10-03",1233.13,1286.69,1214.63,1225.2,89241900
"1983-09-01",1216.16,1270.73,1197.36,1233.13,86222300
"1983-08-01",1199.22,1219.82,1152.14,1216.16,77705600
"1983-07-01",1221.96,1258.51,1179.79,1199.22,84270500
"1983-06-01",1199.98,1260.72,1176.78,1221.96,93189500
"1983-05-02",1225.43,1244.49,1174.25,1199.98,96525700
"1983-04-04",1130.03,1235.49,1102.17,1226.2,94631000
"1983-03-01",1112.16,1158.48,1105.07,1130.03,87064700
"1983-02-01",1075.7,1135.26,1046.82,1112.16,89431500
"1983-01-03",1046.54,1105.13,1013.43,1075.7,91654200
"1982-12-01",1039.28,1077.91,983.35,1046.54,78372200
"1982-11-01",991.72,1078.46,983.72,1039.28,92881400
"1982-10-01",896.25,1051.88,892.02,991.72,102066100
"1982-09-01",901.31,951.16,888.7,896.25,76697600
"1982-08-02",808.6,910.96,769.98,901.31,79960400
"1982-07-01",811.93,843.8,787.39,808.6,56402800
"1982-06-01",819.54,824.3,784.25,811.93,53445900
"1982-05-03",848.36,876.52,815.54,819.54,53518000
"1982-04-01",822.77,871.19,820.49,848.36,56413800
"1982-03-01",824.39,840.66,786.15,822.77,57043000
"1982-02-01",866.34,866.34,802.23,824.39,53475200
"1982-01-04",875,887.37,832.57,871.1,52087000
"1981-12-01",888.98,898.5,862.82,875,45465900
"1981-11-02",855.97,892.79,834.57,888.98,51775000
"1981-10-01",849.98,885.84,823.63,852.55,48051300
"1981-09-01",881.47,892.41,807.46,849.98,47611400
"1981-08-03",952.34,961.47,879.09,881.47,45757600
"1981-07-01",976.88,978.98,918.66,952.34,45338600
"1981-06-01",991.75,1023.02,972.69,976.88,51932700
"1981-05-01",997.75,1005.22,956.68,991.75,47850500
"1981-04-01",1003.87,1030.98,981.81,997.75,55782800
"1981-03-02",974.58,1021.79,955.71,1003.87,55705000
"1981-02-02",947.1,980.87,923.89,974.58,45764200
"1981-01-02",963.99,1013.14,930.89,947.27,47460900
"1980-12-01",991.13,991.13,894.45,963.99,48493600
"1980-11-03",924.49,1009.39,924.49,993.34,56797200
"1980-10-01",932.42,987.29,911.6,924.49,46604300
"1980-09-02",932.59,980.72,918,932.42,52285700
"1980-08-01",935.32,972.35,918.52,932.59,47579500
"1980-07-01",867.92,946.93,862.63,935.32,48926300
"1980-06-02",850.85,896.33,840.7,867.92,40931900
"1980-05-01",817.06,866.13,795.82,850.85,38082800
"1980-04-01",785.75,818.52,751.37,817.06,33570900
"1980-03-03",863.14,868.69,729.95,785.75,43442300
"1980-02-01",875.85,918.17,847.27,863.14,49767000
"1980-01-02",838.74,897.87,809.04,875.85,55642700
"1979-12-03",822.35,851.54,814.76,838.74,37087000
"1979-11-01",815.7,838.57,792.24,822.35,32577600
"1979-10-01",877.73,904.86,795.99,815.7,38509100
"1979-09-04",887.63,902.13,857.85,878.58,39467800
"1979-08-01",846.42,893.6,839.08,887.63,37018200
"1979-07-02",840.61,857,818,846.42,34052300
"1979-06-01",822.33,853.06,817.74,841.98,36685700
"1979-05-01",854.9,863.22,815.14,822.33,29729000
"1979-04-02",859.93,884.62,847.28,854.9,32354500
"1979-03-01",808.82,876.99,807.26,862.18,30898600
"1979-02-01",839.22,843.99,802.23,808.82,26357800
"1979-01-02",805.01,865.04,798.51,839.22,29366300
"1978-12-01",801.98,829.87,781.01,805.01,26123500
"1978-11-01",805.53,831.69,779.11,799.03,25452800
"1978-10-02",865.82,909.39,782.05,792.45,32957200
"1978-09-01",876.82,917.24,850.92,865.82,34795000
"1978-08-01",862.27,911.21,855.34,876.82,39078200
"1978-07-03",818.95,866.34,800.94,862.27,28774000
"1978-06-01",840.61,879.33,807.95,818.95,31108600
"1978-05-01",837.32,865.64,813.84,840.61,36582700
"1978-04-03",756.67,846.15,747.05,837.32,36422500
"1978-03-01",742.12,777.81,736.75,757.36,23532200
"1978-02-01",769.92,787.42,739.17,742.12,20439400
"1978-01-03",830.47,830.47,759.44,769.92,21333800
"1977-12-01",829.7,835.15,800.42,831.17,22596600
"1977-11-01",816.01,850.05,794.53,829.7,24635700
"1977-10-03",847.11,855.57,792.79,818.35,20501900
"1977-09-01",861.49,879.76,830.3,847.11,19278000
"1977-08-01",890.07,900.03,844.42,861.49,19683900
"1977-07-01",916.3,927.84,878.81,890.07,24885700
"1977-06-01",898.66,934.36,896.46,916.3,22934500
"1977-05-02",926.9,949.46,892.55,898.66,21124700
"1977-04-01",919.55,956.07,909.74,926.9,21069500
"1977-03-01",936.42,971.58,914.15,919.13,19617300
"1977-02-01",954.37,963.76,926.03,936.42,21824200
"1977-01-03",1004.65,1007.81,944.9,954.37,24978000
"1976-12-01",947.22,1006.82,942.24,1004.65,25169000
"1976-11-01",964.93,971.99,917.89,947.22,19902500
"1976-10-01",990.19,995.6,928.27,964.93,18020000
"1976-09-01",973.74,1026.26,971.24,990.19,20450000
"1976-08-02",984.64,1004.74,954.12,973.74,16461800
"1976-07-01",1002.78,1017.93,974.2,984.64,19456600
"1976-06-01",975.23,1012.93,951.7,1002.78,20048100
"1976-05-03",995.83,1015.82,955.84,975.23,18638500
"1976-04-01",999.45,1017.71,963,996.85,19370900
"1976-03-01",972.61,1018.03,964.18,999.45,23787800
"1976-02-02",975.28,1002.83,946.16,972.61,32793100
"1976-01-02",852.41,985.99,848.63,975.28,32111400
"1975-12-01",860.67,866.11,812.81,852.41,16633600
"1975-11-03",836.04,865.79,821.08,860.67,17456800
"1975-10-01",793.88,859.57,780.54,836.04,16454300
"1975-09-02",835.34,849.03,789.66,793.88,13697100
"1975-08-01",831.51,844.02,785.75,835.34,14140400
"1975-07-01",878.99,888.85,819.15,831.51,20737200
"1975-06-02",835.73,884.62,811.23,878.99,22210900
"1975-05-01",821.34,868.58,807.96,832.29,22864700
"1975-04-01",768.15,835.18,736.62,821.34,21336800
"1975-03-03",739.05,796.93,731.46,768.15,23494000
"1975-02-03",703.69,757.35,695.24,739.05,23221000
"1975-01-02",619.13,717.3,619.13,703.69,20781300
"1974-12-02",616.08,619.84,570.01,616.24,16005700
"1974-11-01",665.52,692.82,599.81,618.66,14709500
"1974-10-01",607.87,689.3,573.22,665.52,17214700
"1974-09-03",678.58,686.48,598.8,607.87,14752500
"1974-08-01",757.43,803.43,651.6,678.58,13469500
"1974-07-01",802.41,811.95,753.13,757.43,12956800
"1974-06-03",802.17,865.54,796.46,802.41,12867500
"1974-05-01",836.75,870.38,788.8,802.17,12998100
"1974-04-01",846.68,875.94,818.68,836.75,12630900
"1974-03-01",860.53,904.02,841.76,846.68,15321400
"1974-02-01",855.55,871.4,795.68,860.53,14236300
"1974-01-02",850.86,890.38,816.57,855.55,17144000
"1973-12-03",820.51,861.09,783.56,850.86,20392500
"1973-11-01",956.58,963.8,810.36,822.25,19775200
"1973-10-01",947.1,997.59,937.69,956.58,19164700
"1973-09-04",887.57,964.55,873.34,947.1,18177300
"1973-08-01",924.37,924.37,845.5,887.57,12390800
"1973-07-02",890.2,944.08,863.94,926.4,15300400
"1973-06-01",901.41,935.58,864.46,891.71,13308000
"1973-05-01",921.43,965.16,875.45,901.41,15884000
"1973-04-02",951.01,975.32,907.51,921.43,14640500
"1973-03-01",955.07,985.25,911.12,951.01,16233600
"1973-02-01",999.02,1019.94,938.82,955.07,17691500
"1973-01-02",1022.88,1067.2,988.11,999.02,19458000
"1972-12-01",1018.21,1042.44,996.09,1020.02,19593600
"1972-11-01",955.52,1029.73,955.3,1018.21,21245500
"1972-10-02",953.27,964.1,917.07,955.52,15125000
"1972-09-01",963.73,977.35,927.15,953.27,13122000
"1972-08-01",924.74,980.36,922.03,963.73,16055200
"1972-07-03",929.03,955.45,900.06,924.74,15001000
"1972-06-01",960.72,967.72,917.75,929.03,14880400
"1972-05-01",954.17,979.46,917.37,960.72,15958100
"1972-04-03",940.7,977.72,933.62,954.17,19107500
"1972-03-01",928.13,957.03,924.14,940.7,19000400
"1972-02-01",902.17,933.25,894.34,928.13,19829000
"1972-01-03",890.2,923.99,882.75,902.17,18940000
"1971-12-01",831.34,902.47,831.12,890.2,17805400
"1971-11-01",839,855.21,790.67,831.34,14034700
"1971-10-01",887.19,910.56,827.83,839,13894700
"1971-09-01",898.07,925.67,877.48,887.19,12676600
"1971-08-02",858.43,917.79,834.92,898.07,15043100
"1971-07-01",891.14,908.81,854.41,858.43,13248000
"1971-06-01",907.81,929.6,866.31,891.14,14500000
"1971-05-03",941.75,948.85,898.61,907.81,15956000
"1971-04-01",904.37,958.12,897.48,941.75,19955700
"1971-03-01",878.83,922.3,873.22,904.37,17716900
"1971-02-01",868.5,898.14,861.99,878.83,20444200
"1971-01-04",838.92,873.84,826.53,868.5,18472500
"1970-12-01",794.09,848.23,787.45,838.92,15846800
"1970-11-02",755.61,797.51,749.52,794.09,12399500
"1970-10-01",760.68,791.07,746.71,755.61,12358600
"1970-09-01",764.58,778.27,741.51,760.68,15148500
"1970-08-03",734.12,772.04,702.83,764.58,10925200
"1970-07-01",683.53,743.36,665.32,734.12,10880900
"1970-06-01",700.44,728.23,674.9,683.53,10713600
"1970-05-01",736.07,740.76,627.46,700.44,12992800
"1970-04-01",785.57,798.84,716.74,736.07,10590900
"1970-03-02",777.59,803.26,757.99,785.57,10535700
"1970-02-02",744.06,784.19,738.78,777.59,12698400
"1970-01-02",800.36,819.23,739.11,744.06,11114700
"1969-12-01",812.3,816.39,764.45,800.36,13260400
"1969-11-03",855.99,871.77,800.36,812.3,11692100
"1969-10-01",813.09,868,793.95,855.99,14052600
"1969-09-02",836.72,845.96,804.45,813.09,10872800
"1969-08-01",815.6,843.72,800.62,836.72,10025200
"1969-07-01",873.19,893.87,788.07,815.47,11543300
"1969-06-02",937.56,938.73,862.46,873.19,11608000
"1969-05-01",950.18,974.92,928.58,937.56,12778500
"1969-04-01",935.48,956.28,908.81,950.18,12203800
"1969-03-03",905.21,941.38,895.76,935.48,10577000
"1969-02-03",946.05,959.16,895.39,905.21,12026600
"1969-01-02",943.75,960.16,915.53,946.05,12664500
"1968-12-02",985.08,994.65,936.66,943.75,15589400
"1968-11-01",952.39,989.56,936.54,985.08,15661100
"1968-10-01",935.79,974.27,932.93,952.39,16102700
"1968-09-03",896.01,945.86,892.59,935.79,14230000
"1968-08-01",883,902.35,863.33,896.01,11231100
"1968-07-01",897.8,933.83,876.99,883,14864700
"1968-06-03",899,924.93,891.48,897.8,15842900
"1968-05-01",912.22,935.68,885.53,899,13866800
"1968-04-01",849.23,918.11,849.23,912.22,15490000
"1968-03-01",840.5,854.25,817.61,840.67,9600400
"1968-02-01",855.47,871.3,826.46,840.5,9583100
"1968-01-02",905.11,921.87,850.5,855.47,12371800
"1967-12-01",875.81,910.37,868.76,905.11,12220500
"1967-11-01",879.74,894.88,839.4,875.81,11014500
"1967-10-02",926.66,940.36,876.21,879.74,10763600
"1967-09-01",901.29,951.57,894.19,926.66,10733500
"1967-08-01",904.24,933.14,887.83,901.29,9419100
"1967-07-03",860.26,918.69,853.21,904.24,11353000
"1967-06-01",852.56,892.8,836.92,860.26,10020000
"1967-05-01",897.05,915.87,850.39,852.56,10331300
"1967-04-03",865.98,903.73,838.98,897.05,9942500
"1967-03-01",839.37,883.41,835.3,865.98,10580400
"1967-02-01",849.89,871.71,827.95,839.37,10153600
"1967-01-03",785.69,857.02,776.16,849.89,10426100
"1966-12-01",791.59,827.22,779.34,785.69,8400000
"1966-11-01",807.07,827.33,784.79,791.59,7650500
"1966-10-03",774.22,816.64,735.74,807.07,7241400
"1966-09-01",788.41,822.93,763.36,774.22,6009500
"1966-08-01",846.6,860.57,759.52,788.41,7440000
"1966-07-01",870.1,901.16,843.76,847.38,6248000
"1966-06-01",884.07,910.35,858.9,870.1,6713600
"1966-05-02",933.68,939.64,859.13,884.07,8431400
"1966-04-01",924.77,961.91,921.77,933.68,9669000
"1966-03-01",951.89,955.17,905.4,924.77,8610800
"1966-02-01",983.51,1001.11,946.1,951.89,9247300
"1966-01-03",969.26,1000.55,961.91,983.51,9081400
"1965-12-01",946.71,976.61,924.44,969.26,9013100
"1965-11-01",960.82,969.98,937.24,946.71,7805000
"1965-10-01",930.58,967.46,923.23,960.82,8158500
"1965-09-01",893.1,944.96,886.96,930.58,7802300
"1965-08-02",881.74,901.88,874.78,893.1,5192700
"1965-07-01",868.03,889.98,857.71,881.74,4302300
"1965-06-01",918.04,921.85,832.74,868.03,6140400
"1965-05-03",922.31,944.82,904.82,918.04,5723000
"1965-04-01",889.05,925.42,886.84,922.31,5919500
"1965-03-01",903.48,907.88,884.68,889.05,5621700
"1965-02-01",902.86,911.8,877.48,903.48,6214700
"1965-01-04",874.13,907.79,865.1,902.86,5803500
"1964-12-01",875.43,881.35,850.19,874.13,5021800
"1964-11-02",873.08,897,866.8,875.43,5185700
"1964-10-01",875.37,886.28,861.42,873.08,5030400
"1964-09-01",838.48,880.24,836.56,875.37,5451900
"1964-08-03",841.1,847.19,820.78,838.48,4077100
"1964-07-01",831.5,855.19,829.3,841.1,4855000
"1964-06-01",820.56,835.9,796.9,831.5,4568600
"1964-05-01",810.77,836.06,808.55,820.56,5185500
"1964-04-01",813.29,831.63,807.18,810.77,5871800
"1964-03-02",800.14,824.72,798.05,813.29,5668000
"1964-02-03",785.34,803.46,777.99,800.14,4899400
"1964-01-02",762.95,791.63,760.34,785.34,5482700
"1963-12-02",750.52,773.07,746.78,762.95,5018500
"1963-11-01",755.23,759.56,710.83,750.52,5488800
"1963-10-01",732.79,767.24,732.49,755.23,5538600
"1963-09-03",729.32,753.04,728.63,732.79,5517500
"1963-08-01",695.43,731.68,691.23,729.32,4373100
"1963-07-01",706.88,719.02,684.41,695.43,3648600
"1963-06-03",726.96,732.97,702.42,706.88,4680000
"1963-05-01",717.7,730.43,708.16,726.96,4988600
"1963-04-01",682.52,721.92,680.55,717.7,5284200
"1963-03-01",662.94,687.37,656.66,682.52,3721400
"1963-02-01",682.85,694.27,661.27,662.94,4379400
"1963-01-02",652.1,686.91,643.57,682.85,4829000
"1962-12-03",649.3,658.78,636.88,652.1,4314500
"1962-11-01",589.77,655.95,582.66,649.3,5029500
"1962-10-01",578.98,594.79,549.65,589.77,3555600
"1962-09-04",609.18,612.44,572.16,578.98,3460000
"1962-08-01",597.64,622.02,582.12,609.18,3618600
"1962-07-02",561.28,601.15,557.31,597.93,3730900
"1962-06-01",613.36,616.54,524.55,561.28,4994200
"1962-05-01",665.33,679.2,553.75,613.36,5533600
"1962-04-02",706.95,709.74,661.48,665.33,3469500
"1962-03-01",708.05,727.14,703.27,706.95,3245000
"1962-02-01",700,721.39,696.07,708.05,3640000
"1962-01-02",731.14,734.38,686.89,700,3846800
"1961-12-01",721.6,739.88,714.6,731.14,4387500
"1961-11-01",703.92,741.3,700.12,721.6,4599000
"1961-10-02",701.21,714.07,693.12,703.92,3469500
"1961-09-01",719.94,733.53,688.87,701.21,3344000
"1961-08-01",705.37,730.17,702.21,719.94,3670000
"1961-07-03",683.96,709.75,674.8,705.37,3200500
"1961-06-01",696.72,708.88,673.49,683.96,3430400
"1961-05-01",678.71,714.69,672.98,696.72,4821900
"1961-04-03",676.63,700.75,671.64,678.71,5273500
"1961-03-01",662.08,685.32,656.36,676.63,5484500
"1961-02-01",648.2,667.03,632.81,662.08,5187300
"1961-01-03",615.89,655.18,606.09,648.2,4461900
"1960-12-01",597.22,621.33,589.82,615.89,3934700
"1960-11-01",580.36,614.09,579.43,597.22,3254500
"1960-10-03",580.14,600.03,564.23,580.36,2706100
"1960-09-01",625.99,630.95,565.49,580.14,3057600
"1960-08-01",616.73,645.3,600.28,625.99,2976500
"1960-07-01",640.62,650.1,597.3,616.73,2829500
"1960-06-01",625.5,663.64,620.61,640.62,3610000
"1960-05-02",601.7,631.44,596.61,625.5,3454200
"1960-04-01",616.59,637.16,598.35,601.7,3007500
"1960-03-01",630.12,632.65,596.2,616.59,2973900
"1960-02-01",622.62,640.3,603.34,630.12,3174500
"1960-01-04",679.36,688.21,619.51,622.62,3349000
"1959-12-01",659.97,682.72,658.48,679.36,3455400
"1959-11-02",646.6,661.23,630.99,659.18,3587800
"1959-10-01",631.68,649.4,624.55,646.6,2949500
"1959-09-01",664.41,664.95,613.3,631.68,2873800
"1959-08-03",674.88,683.9,639.34,664.41,2532800
"1959-07-01",643.6,678.67,643.6,674.88,3325900
"1959-06-01",643.79,648.65,613.11,643.6,3068600
"1959-05-01",623.75,647.24,611.68,643.79,3511400
"1959-04-01",601.71,635.29,599.65,623.75,3606800
"1959-03-02",603.5,618.8,599.21,601.71,4059500
"1959-02-02",593.96,607.61,571.73,603.5,3688900
"1959-01-02",583.65,601.74,580.54,593.96,4135200
"1958-12-01",557.46,587.44,553.7,583.65,3805200
"1958-11-03",543.22,572.05,538.43,557.46,4359400
"1958-10-01",532.09,549.71,527.68,543.22,4301700
"1958-09-02",508.63,535,508.39,532.09,3623800
"1958-08-01",502.99,514.44,499.82,508.63,3074200
"1958-07-01",478.18,508.39,472.07,502.99,3357700
"1958-06-02",462.7,482.11,462.7,478.18,2830000
"1958-05-01",455.86,465.32,453.84,462.7,2688000
"1958-04-01",446.76,458.33,437.25,455.86,2531900
"1958-03-03",439.92,457.27,439.24,446.76,2320400
"1958-02-03",450.02,459.77,434.04,439.92,2088500
"1958-01-02",435.69,453.63,434.37,450.02,2357200
"1957-12-02",449.87,452.16,423.86,435.69,2833800
"1957-11-01",438.76,452.49,425.46,449.87,2681000
"1957-10-01",456.3,468.15,416.15,441.04,2875200
"1957-09-03",484.35,487.59,452.19,456.3,1920500
"1957-08-01",508.52,509.98,469.03,484.35,1954000
"1957-07-01",503.29,523.11,500.75,508.52,2275400
"1957-06-03",504.93,516.81,492.87,503.29,2262000
"1957-05-01",494.36,508.87,492.29,504.93,2482200
"1957-04-01",474.81,497.22,473.09,494.36,2404200
"1957-03-01",464.62,477.58,463.66,474.81,1774700
"1957-02-01",479.16,479.76,453.07,464.62,2060500
"1957-01-02",499.47,502.57,471.06,479.16,2275400
"1956-12-03",474.26,501.56,474.26,499.47,2632100
"1956-11-01",480.23,500.52,460.41,472.78,2292500
"1956-10-01",475.25,494.11,463.83,479.85,1851300
"1956-09-04",502.04,512.68,474.23,475.25,2049400
"1956-08-01",517.81,523.33,492.19,502.04,2003000
"1956-07-02",492.78,519.97,488.36,517.81,2293800
"1956-06-01",478.05,494.82,467.99,492.78,1855200
"1956-05-01",516.12,519.8,463.85,478.05,2510400
"1956-04-02",511.79,524.37,500.99,516.12,2706100
"1956-03-01",483.65,515.86,483.63,511.79,3037600
"1956-02-01",470.74,491.09,463.89,483.65,2513500
"1956-01-03",488.4,490.92,458.21,470.74,2336100
"1955-12-01",483.26,490.56,478.32,488.4,2562300
"1955-11-01",454.87,490.75,452.12,483.26,2463000
"1955-10-03",465.4,465.4,433.19,454.87,2092800
"1955-09-01",468.18,489.94,446.74,466.62,2962800
"1955-08-01",465.85,469.51,445.67,468.18,1897800
"1955-07-01",451.38,471.73,449.5,465.85,2527000
"1955-06-01",424.86,453.48,422.48,451.38,2749500
"1955-05-02",425.65,428.27,412.6,424.86,2259000
"1955-04-01",409.78,432.76,409.78,425.65,2801000
"1955-03-01",411.87,421.83,387.5,409.7,2976500
"1955-02-01",408.83,416.55,403.51,411.87,3338400
"1955-01-03",404.39,412.47,385.65,408.83,3721400
"1954-12-01",386.77,407.17,381.81,404.39,3650900
"1954-11-01",352.14,391.21,350.16,386.77,3322500
"1954-10-01",360.46,366.4,350.72,352.14,2193800
"1954-09-01",335.8,366.02,334.97,360.46,2050400
"1954-08-02",347.92,352.27,333.21,335.8,2706300
"1954-07-01",333.53,349.21,330.68,347.92,2601900
"1954-06-01",327.49,338.78,315.66,333.53,2008100
"1954-05-03",319.33,328.93,316.45,327.49,2192000
"1954-04-01",303.51,321.71,301.7,319.33,2188000
"1954-03-01",294.54,305.15,294.23,303.51,2032100
"1954-02-01",292.39,295.43,287.37,294.54,1851000
"1954-01-04",280.9,294.56,278.91,292.39,1768500
"1953-12-01",281.37,285.2,275.91,280.9,1756300
"1953-11-02",275.81,282.46,273.01,281.37,1588800
"1953-10-01",264.04,277.04,262.45,275.81,1290900
"1953-09-01",261.22,266.61,254.36,264.04,1337600
"1953-08-03",275.38,278.3,260.83,261.22,1241900
"1953-07-01",268.26,275.85,266.96,275.38,1024300
"1953-06-01",272.28,272.64,260.75,268.26,1222700
"1953-05-01",274.75,280.01,270.65,272.28,1269000
"1953-04-01",279.87,281.81,269.25,274.75,1690900
"1953-03-02",284.27,291.96,277.57,279.87,2074000
"1953-02-02",289.77,290.94,279.72,284.27,1786600
"1953-01-02",291.9,295.06,284.29,289.77,1705700
"1952-12-01",283.66,293.5,280.68,291.9,1933100
"1952-11-03",269.23,284.65,268.79,283.66,1904100
"1952-10-01",270.61,272.36,262.01,269.23,1259000
"1952-09-02",275.1,278.16,267.08,270.61,1200900
"1952-08-01",279.56,281.47,272.28,275.04,1037100
"1952-07-01",274.26,280.25,271.73,279.56,1151300
"1952-06-02",262.94,274.97,260.83,274.26,1281400
"1952-05-01",257.44,265.17,254.7,262.94,1121400
"1952-04-01",269.46,269.81,257.04,257.63,1336100
"1952-03-03",260.27,270.4,258.95,269.46,1345700
"1952-02-01",270.69,272.91,257.44,260.08,1377800
"1952-01-02",269.23,276.26,266.34,270.69,1651300
"1951-12-03",262.29,270,261.73,269.23,1450000
"1951-11-01",262.35,265.82,254.91,261.27,1321500
"1951-10-01",271.16,277.3,256.39,262.35,1851800
"1951-09-04",270.25,277.51,269.08,271.16,1990000
"1951-08-01",257.86,271.64,256.81,270.25,1528600
"1951-07-02",242.64,262.21,241.06,257.86,1406600
"1951-06-01",249.65,255.23,240.72,242.64,1807100
"1951-05-01",259.13,264.44,241.89,249.65,1699500
"1951-04-02",247.82,260.83,244.98,259.13,1597100
"1951-03-01",252.05,254.42,242.06,248.53,1599000
"1951-02-01",248.83,257.06,247.04,252.05,2161100
"1951-01-02",235.41,250.56,234.93,248.83,3080000
"1950-12-01",227.6,236.52,221.31,235.42,2935500
"1950-11-01",225.01,236.63,220.59,227.6,2146000
"1950-10-02",226.46,232.75,223.59,225.01,2247600
"1950-09-01",217.12,228.17,217.12,226.36,2019500
"1950-08-01",209.56,222.17,209.55,216.87,1740800
"1950-07-03",209.11,212.19,195.4,209.4,2308000
"1950-06-01",223.42,229.2,206.03,209.11,2196300
"1950-05-01",214.33,224.24,214.06,223.42,1989000
"1950-04-03",206.37,216.32,205.93,213.56,2358900
"1950-03-01",203.44,211.22,201.14,206.05,1710000
"1950-02-01",201.79,205.39,200.59,203.44,1750500
"1950-01-03",200.13,202.92,193.94,201.79,1926600
"1949-12-01",191.55,200.91,191.12,200.52,1806600
"1949-11-01",189.54,194.35,186.98,191.55,1402600
"1949-10-03",181.98,191.44,180.9,189.54,1398000
"1949-09-01",178.66,184.09,177.63,182.51,1188000
"1949-08-01",175.92,182.67,175.68,178.66,979100
"1949-07-01",167.42,177.04,166.94,175.92,971000
"1949-06-01",168.36,168.98,160.62,167.42,835000
"1949-05-02",174.16,177.18,168.14,168.36,885700
"1949-04-01",177.04,177.78,172.26,174.06,916000
"1949-03-01",173.36,179.19,172.59,177.1,903400
"1949-02-01",179.12,180.94,170.56,173.06,868400
"1949-01-03",176.99,182.5,174.37,179.12,868500
"1948-12-01",171.67,179.15,171.67,177.3,1221700
"1948-11-01",188.62,190.45,170.35,171.2,1452600
"1948-10-01",178.3,190.88,178.22,188.28,967500
"1948-09-01",181.71,185.64,175.84,178.3,912300
"1948-08-02",181.33,184.54,177.4,181.71,711800
"1948-07-01",189.46,192.38,179.58,181.33,1233800
"1948-06-01",190.74,194.49,186.56,189.46,1451300
"1948-05-03",180.28,192.31,179.47,190.74,1974000
"1948-04-01",177.2,184.48,175.96,180.51,1528600
"1948-03-01",167.46,177.61,165.03,177.2,1019500
"1948-02-02",175.05,176.05,164.07,166.8,910000
"1948-01-02",181.16,181.69,170.7,174.76,946100
"1947-12-01",179.4,181.82,175.19,181.16,1225000
"1947-11-03",182.48,183.97,179.3,179.51,924100
"1947-10-01",177.49,186.24,176.89,181.81,1260000
"1947-09-02",178.85,180.56,174.02,177.49,809000
"1947-08-01",183.18,184.38,176.54,178.85,702300
"1947-07-01",177.48,187.66,177.48,183.18,1195400
"1947-06-02",168.66,178.08,167.43,177.3,864200
"1947-05-01",170.64,175.08,161.38,169.25,944700
"1947-04-01",177.2,178.28,165.39,170.64,932800
"1947-03-03",179.29,182.48,171.94,177.2,858000
"1947-02-03",180.88,184.96,176.34,178.9,1170000
"1947-01-02",177.2,181.34,170.13,180.44,1034000
"1946-12-02",169.07,178.58,166.2,177.2,1384700
"1946-11-01",169.5,175.78,162.29,169.78,1230000
"1946-10-01",172.42,177.05,160.49,169.15,1355200
"1946-09-03",188.21,188.21,164.09,172.42,2227000
"1946-08-01",201.56,205.01,187.26,189.19,999500
"1946-07-01",205.79,208.59,194.33,201.56,982700
"1946-06-03",212.28,212.48,198.98,205.62,1136500
"1946-05-01",206.59,213.36,199.26,212.28,1361800
"1946-04-01",199.75,209.36,198.47,206.77,1418000
"1946-03-01",190.09,201.85,186.77,199.56,1152300
"1946-02-01",204.67,207.49,184.05,190.09,1777700
"1946-01-02",192.65,206.59,189.77,204.67,2220000
"1945-12-03",192.4,196.59,187.51,192.91,1626800
"1945-11-01",187.02,192.95,186.44,191.46,2017800
"1945-10-01",181.93,187.55,181.93,186.6,1640000
"1945-09-04",174.29,180.8,173.23,180.11,1266300
"1945-08-01",162.88,174.54,161.14,174.29,1084700
"1945-07-02",165.39,167.79,159.95,162.88,993300
"1945-06-01",168.3,169.55,163.78,164.57,1856100
"1945-05-01",165.44,169.53,162.6,168.3,1378600
"1945-04-02",154.51,165.71,154.51,165.44,1328000
"1945-03-01",160.4,162.22,151.74,154.06,1216600
"1945-02-01",153.67,160.85,153.22,160.4,1762700
"1945-01-02",152.32,156.68,150.53,153.67,1685900
"1944-12-01",147.33,152.75,146.76,151.93,1442000
"1944-11-01",146.53,148.39,145.17,147.33,897500
"1944-10-02",146.73,149.2,145.33,146.53,799500
"1944-09-01",146.99,147.47,142.53,146.31,767500
"1944-08-01",146.11,149.28,144.48,146.99,892600
"1944-07-03",148.46,150.88,145.26,146.11,1291000
"1944-06-01",142.24,149.15,140.9,148.38,1670000
"1944-05-01",136.23,142.44,136.18,142.24,777200
"1944-04-03",138.66,139.45,134.75,136.21,682100
"1944-03-01",136.3,141.43,135.86,138.84,1141300
"1944-02-01",137.4,137.69,134.1,136.3,847000
"1944-01-03",135.89,138.89,135.51,137.4,790000
"1943-12-01",129.76,136.73,129.76,135.89,839500
"1943-11-01",138.27,138.96,128.94,129.57,920500
"1943-10-01",140.12,140.63,135.92,138.29,659000
"1943-09-01",136.65,142.5,136.37,140.12,670400
"1943-08-02",135.95,138.83,133.87,136.62,629500
"1943-07-01",143.38,146.41,136.72,137.25,1190400
"1943-06-01",142.06,143.7,138.07,143.38,1016800
"1943-05-03",136.2,141.58,136.08,141.18,1616000
"1943-04-01",136.57,137.45,129.79,135.48,1520400
"1943-03-01",130.11,137.2,127.91,136.57,1550400
"1943-02-01",125.58,130.43,124.69,129.71,1280500
"1943-01-04",119.93,125.71,118.84,125.41,855500
"1942-12-01",114.5,120.19,114.08,119.4,865400
"1942-11-02",114.07,118.18,113.46,114.5,695500
"1942-10-01",109.16,116.01,109.16,113.5,699500
"1942-09-01",106.33,109.98,105.58,109.11,434700
"1942-08-03",105.9,107.88,104.5,106.33,332800
"1942-07-01",103.29,109.49,102.27,105.72,361700
"1942-06-01",100.96,106.63,100.93,103.34,325900
"1942-05-01",95.35,101.5,95.08,100.88,327100
"1942-04-01",99.53,102.75,92.69,95.35,344200
"1942-03-02",106.49,107.16,98.32,99.53,369000
"1942-02-02",109.11,111.04,104.67,106.58,413300
"1942-01-02",110.96,114.96,108.3,109.41,563300
"1941-12-01",114.23,117.54,105.52,110.96,1600900
"1941-11-03",118.11,120.34,114.1,114.66,837000
"1941-10-01",126.82,127.2,117.4,117.82,581300
"1941-09-02",127.77,130,125.33,126.82,623300
"1941-08-01",128.68,128.68,124.66,127.43,478000
"1941-07-01",123.14,131.1,122.54,128.79,804000
"1941-06-02",115.76,125.14,115.52,123.14,481400
"1941-05-01",115.54,118.45,114.78,116.23,430400
"1941-04-01",122.87,125.28,115.33,115.54,510400
"1941-03-03",121.65,124.35,119.98,122.72,453300
"1941-02-03",123.28,125.27,117.43,121.97,447300
"1941-01-02",131.13,134.27,123.86,124.13,572200
"1940-12-02",131,133,127.83,131.13,826100
"1940-11-01",134.61,138.77,129.13,130.03,1042700
"1940-10-01",133.04,135.86,129.47,134.61,651700
"1940-09-03",129.42,135.48,127.22,132.64,573500
"1940-08-01",126.14,129.18,120.9,128.88,331800
"1940-07-01",121.77,127.18,120.14,126.14,337700
"1940-06-03",115.67,125.31,110.41,122.06,767500
"1940-05-01",148.14,148.7,110.51,116.22,1650000
"1940-04-01",147.95,152.09,145.86,148.43,1138600
"1940-03-01",146.54,149.45,145.08,147.54,753500
"1940-02-01",145.33,150.04,144.69,146.54,667300
"1940-01-02",150.45,153.29,143.06,145.33,693100
"1939-12-01",145.69,150.7,145.51,149.99,856000
"1939-11-01",151.88,153.18,144.85,145.69,907000
"1939-10-02",152.36,155.95,148.73,151.88,1090400
"1939-09-01",134.41,157.77,127.51,150.16,2618000
"1939-08-01",143.26,145.75,128.6,134.41,719100
"1939-07-03",131.73,145.72,131.18,143.26,852000
"1939-06-01",137.36,140.75,128.97,130.63,535900
"1939-05-01",128.45,139.23,127.53,138.18,576300
"1939-04-03",132.83,135.57,120.04,128.38,882600
"1939-03-01",147.3,152.71,131.35,131.84,1083900
"1939-02-01",143.47,148.16,141.92,147.3,719400
"1939-01-03",154.76,155.47,136.1,143.76,1140900
"1938-12-01",149.82,154.94,146.44,154.36,1254700
"1938-11-01",151.73,158.9,145.21,149.82,1387300
"1938-10-03",143.13,155.38,142.64,151.73,1869500
"1938-09-01",139.27,143.42,127.85,141.45,1115200
"1938-08-01",140.96,145.89,135.38,139.27,843900
"1938-07-01",133.88,146.31,133.53,141.2,1807500
"1938-06-01",107.74,138.19,107.58,133.88,1149500
"1938-05-02",110.55,120.28,106.44,107.74,624700
"1938-04-01",100.95,121.54,100.95,111.66,703000
"1938-03-01",129.64,131.03,97.46,98.95,953400
"1938-02-01",122.69,132.86,117.13,129.64,738900
"1938-01-03",120.85,134.95,118.94,121.87,1075200
"1937-12-01",123.48,131.15,117.71,120.85,1207300
"1937-11-01",137.01,137.01,112.54,123.48,1408900
"1937-10-01",154.57,155.11,115.84,138.48,2477500
"1937-09-01",176.11,176.11,146.22,154.57,1480400
"1937-08-02",185.61,189.94,175.09,177.41,745900
"1937-07-01",169.32,185.15,169.13,184.01,948500
"1937-06-01",172.69,175.4,163.31,169.32,722700
"1937-05-03",174.42,176.91,166.2,174.71,873500
"1937-04-01",186.41,186.63,168.77,174.27,1531800
"1937-03-01",187.3,195.59,179.28,186.41,2177200
"1937-02-01",185.74,191.39,184.85,187.17,2596100
"1937-01-04",178.39,187.8,176.96,184.74,2755500
"1936-12-01",183.22,183.59,175.31,179.9,2133600
"1936-11-02",177.19,186.39,175.35,183.22,2636600
"1936-10-01",167.82,178.44,167.54,177.15,1932800
"1936-09-01",166.29,170.72,164.82,167.82,1374200
"1936-08-03",165.42,170.15,160.52,166.29,1188000
"1936-07-01",157.69,168.23,154.85,164.86,1455600
"1936-06-01",152.64,161.15,148.52,157.69,953100
"1936-05-01",145.67,153.57,144.18,152.64,943300
"1936-04-01",157.04,163.07,141.53,145.67,1846100
"1936-03-02",152.15,159.87,149.65,156.34,2166300
"1936-02-03",149.58,155.69,148.32,152.53,3056300
"1936-01-02",144.13,150,141.55,149.49,2930400
"1935-12-02",142.35,145.13,138.33,144.13,2086100
"1935-11-01",140.07,149.42,139.99,142.34,2949400
"1935-10-01",131.92,142.08,126.95,139.74,1982600
"1935-09-03",127.89,135.34,126.43,131.92,1642500
"1935-08-01",126.23,129.97,124.28,127.35,1778600
"1935-07-01",118.21,127.04,117.8,126.23,1328600
"1935-06-03",110.15,121.3,110.15,118.36,1024000
"1935-05-01",109.45,117.62,107.82,110.64,1334500
"1935-04-01",100.81,111.52,99.75,109.45,980000
"1935-03-01",102.38,103.59,95.95,100.78,709000
"1935-02-01",101.69,108.29,99.95,102.38,744400
"1935-01-02",104.04,106.71,99.54,101.69,822700
"1934-12-03",102.77,104.46,98.93,104.04,1097500
"1934-11-01",93.36,103.51,92.79,102.94,1027800
"1934-10-01",92.17,96.36,89.84,93.36,682200
"1934-09-04",92.59,94.05,85.72,92.49,630500
"1934-08-01",88.55,95.59,86.32,92.86,690800
"1934-07-02",95.71,99.35,84.58,88.05,942300
"1934-06-01",93.71,101.11,91.7,95.75,721400
"1934-05-01",100.49,101.36,89.1,94,1058600
"1934-04-02",101.85,107,100.31,100.49,1371900
"1934-03-01",103.46,105.99,97.41,100.31,1302300
"1934-02-01",107.94,111.93,102.21,103.46,2861100
"1934-01-02",99.9,110.06,96.26,107.22,2424500
"1933-12-01",98.41,103.97,93.7,98.67,1610000
"1933-11-01",88.16,101.94,86.83,98.14,1608000
"1933-10-02",94.82,100.58,83.57,88.16,1785700
"1933-09-01",102.41,107.68,92.44,94.24,2084500
"1933-08-01",90.77,105.6,89.61,102.41,1894700
"1933-07-03",101.64,110.53,84.45,90.77,5556000
"1933-06-01",88.11,100.48,86.48,98.14,5434000
"1933-05-01",77.66,91.33,75.61,88.11,4559500
"1933-04-03",55.66,75.2,55,73.1,2504200
"1933-03-01",51.39,64.56,50.25,55.4,1251200
"1933-02-01",60.89,60.89,49.68,51.39,1009400
"1933-01-03",59.93,65.28,58.87,60.9,873300
"1932-12-01",56.35,62.89,55.58,60.26,1053800
"1932-11-01",61.57,68.27,55.94,56.35,1102000
"1932-10-03",72.09,72.63,57.67,61.9,1315500
"1932-09-01",73.16,81.39,64.27,71.56,2978500
"1932-08-01",54.26,77.01,52.4,73.16,3404300
"1932-07-01",42.84,54.68,40.56,53.89,1165500
"1932-06-01",44.74,51.43,42.31,42.84,963600
"1932-05-02",56.11,59.76,44.27,44.74,1067100
"1932-04-01",73.28,74.38,55.37,55.93,1421900
"1932-03-01",81.44,89.87,72.49,73.28,1400000
"1932-02-01",76.32,89.84,70.64,81.44,1484700
"1932-01-04",74.06,87.78,69.85,76.55,1598500
"1931-12-01",93.38,93.38,71.79,77.9,2162700
"1931-11-02",105.43,119.15,89.35,93.87,1808900
"1931-10-01",96.61,109.69,85.51,103.97,2162300
"1931-09-01",139.41,140.54,95.76,96.61,2399000
"1931-08-03",136.65,145.05,132.55,139.41,1100000
"1931-07-01",150.18,156.74,133.7,135.39,1452100
"1931-06-01",128.4,156.59,119.89,150.18,2538100
"1931-05-01",151.19,155.65,127.3,128.46,2141900
"1931-04-01",172.36,174.69,141.78,151.19,2547600
"1931-03-02",189.66,191.93,170.64,172.36,2816800
"1931-02-02",167.55,196.96,165.6,190.34,3416100
"1931-01-02",164.58,175.66,160.09,169.34,1897100
"1930-12-01",183.39,187.96,154.45,164.58,2520400
"1930-11-03",184.89,191.28,168.32,180.91,2567700
"1930-10-01",205.92,216.89,181.53,183.35,2810400
"1930-09-02",240.42,247.21,201.95,204.9,2527600
"1930-08-01",233.99,241.35,214.49,240.42,1819500
"1930-07-01",226.34,243.65,214.64,233.99,2144500
"1930-06-02",275.07,276.86,207.74,226.34,3542800
"1930-05-01",279.23,281.95,249.82,275.07,3418000
"1930-04-01",286.1,297.25,272.24,279.23,5172300
"1930-03-03",273.24,289.13,268.94,286.1,4315200
"1930-02-03",268.41,275,259.78,271.11,3508900
"1930-01-02",248.48,268.71,241.78,267.14,2773600
"1929-12-02",238.95,267.56,226.39,248.48,3692800
"1929-11-04",269.75,269.75,195.35,238.95,4480000
"1929-10-01",343.45,358.77,212.33,273.51,6121700
"1929-09-03",380.33,386.1,341.06,343.45,4718000
"1929-08-01",347.7,383.96,336.13,380.33,4210400
"1929-07-01",333.79,350.26,332.23,347.7,4076800
"1929-06-03",299.12,335.25,298.53,331.65,3300500
"1929-05-01",319.29,331.01,290.02,297.41,4006300
"1929-04-01",304.21,321.09,294.11,319.29,3676800
"1929-03-01",317.79,324.4,281.51,308.85,5075000
"1929-02-01",317.51,324.51,293.4,317.41,4341100
"1929-01-02",300.31,319.96,292.89,317.51,4803600
"1928-12-03",290.8,301.61,254.36,300,4272000
"1928-11-01",252.16,299.35,251.56,293.38,5669000
"1928-10-01",239.43,260.39,233.6,252.16,4223100
